{"f_specialKeyword_x": 0.11283332854509354, "f_ImportsList_delete_x": 0.11192967742681503, "f_garbage_x": 0.11099790781736374, "f_MajorSubsystemVersion_0": 0.10893464833498001, "f_DIRs_x": 0.10603097826242447, "f_longWord_x": 0.10562217980623245, "f_ImportsList_create_x": 0.10495858639478683, "f_ExportsList_open_x": 0.10493674129247665, "f_ImportsNbOrdinal_0": 0.10460332781076431, "f_MajorImageVersion_0": 0.10394426435232162, "f_CheckSum_0": 0.10179879516363144, "f_ExportsList_close_x": 0.10105394572019577, "f_SizeOfOptionalHeader_0": 0.10095918923616409, "f_ExportsList_delete_x": 0.09981226176023483, "f_ExportsList_create_x": 0.09975052624940872, "f_ImportsList_resume_x": 0.09931375831365585, "f_ImportsList_call_x": 0.09884516149759293, "f_ExportsList_kill_x": 0.09873273223638535, "f_ImportsList_close_x": 0.09816574305295944, "f_inValEmails_x": 0.09637414664030075, "f_emails_x": 0.09482529014348984, "f_ExportsList_other_x": 0.09265478700399399, "f_ipaddresses_x": 0.09159953147172928, "f_ImportsList_other_x": 0.09082543104887009, "f_SizeOfHeapReserve_0": 0.09081541746854782, "f_ImportsList_kill_x": 0.09067917615175247, "f_ExportsList_resume_x": 0.09001217037439346, "f_ExportNb_0": 0.08776386827230453, "f_URLs_x": 0.08762366324663162, "f_fileName_x": 0.08723091334104538, "f_ResourcesMeanEntropy_0": 0.08642669767141342, "f_ResourcesMeanSize_0": 0.08463824540376663, "f_sentences_x": 0.083540178835392, "f_MinorImageVersion_0": 0.08149360865354538, "f_MajorLinkerVersion_0": 0.08116830140352249, "f_ResourcesMinEntropy_0": 0.08056504279375076, "f_ImportsList_open_x": 0.07895448058843613, "f_SizeOfImage_0": 0.07283187657594681, "f_ResourcesMaxSize_0": 0.0706019178032875, "f_ExportsList_call_x": 0.06211727112531662, "f_SectionAlignment_0": 0.06060761958360672, "f_MinorSubsystemVersion_0": 0.05800827592611313, "f_ImageBase_0": 0.05629051476716995, "f_SizeOfUninitializedData_0": 0.053750716149806976, "f_FileAlignment_0": 0.05225839465856552, "f_MinorLinkerVersion_0": 0.04953961819410324, "f_Machine_0": 0.037329576909542084, "f_ResourcesMinSize_0": 0.03700696676969528, "f_SectionsNb_0": 0.031802721321582794, "f_BaseOfData_0": 0.023935221135616302, "f_AddressOfEntryPoint_0": 0.015197046101093292, "f_SizeOfStackReserve_0": 0.011801853775978088, "f_SectionsMeanEntropy_0": 0.008867643773555756, "f_SizeOfHeapCommit_0": 0.0076612383127212524, "f_DllCharacteristics_0": -0.017023228108882904, "f_ImportsNbDLL_0": -0.02454475313425064, "f_LoaderFlags_0": -0.025266006588935852, "f_SectionMaxVirtualsize_0": -0.026470288634300232, "f_SizeOfCode_0": -0.031439848244190216, "f_SizeOfHeaders_0": -0.03356107324361801, "f_SectionsMaxEntropy_0": -0.03744784742593765, "f_ResourcesMaxEntropy_0": -0.03841836750507355, "f_SectionsMinVirtualsize_0": -0.03957606106996536, "f_NumberOfRvaAndSizes_0": -0.04479881376028061, "f_SectionsMaxRawsize_0": -0.0448867604136467, "f_ResourcesNb_0": -0.04537799209356308, "f_SizeOfStackCommit_0": -0.04715350270271301, "f_VersionInformationSize_0": -0.04762040823698044, "f_SectionsMeanRawsize_0": -0.052084263414144516, "f_BaseOfCode_0": -0.0650848001241684, "f_MinorOperatingSystemVersion_0": -0.06593780219554901, "f_SectionsMinRawsize_0": -0.06700782477855682, "f_SectionsMinEntropy_0": -0.08525920659303665, "f_SectionsMeanVirtualsize_0": -0.08560698479413986, "f_SizeOfInitializedData_0": -0.08910206705331802, "f_ImportsNb_0": -0.08932280540466309, "f_Subsystem_0": -0.09219076484441757, "f_MajorOperatingSystemVersion_0": -0.09523072838783264, "f_Characteristics_0": -0.10186827182769775, "f_LoadConfigurationSize_0": -0.10899452120065689}