{"f_ExportsList_call_x": 0.11259902268648148, "f_longWord_x": 0.1121361181139946, "f_ExportsList_create_x": 0.11008215695619583, "f_sentences_x": 0.10924044996500015, "f_ImportsList_create_x": 0.10874762386083603, "f_ImportsList_kill_x": 0.10830316692590714, "f_emails_x": 0.10752169042825699, "f_ipaddresses_x": 0.10728608816862106, "f_garbage_x": 0.10651255398988724, "f_ImportsList_delete_x": 0.10494355112314224, "f_ExportsList_resume_x": 0.10424669831991196, "f_ImportsList_call_x": 0.10384943336248398, "f_inValEmails_x": 0.10383864492177963, "f_specialKeyword_x": 0.10373296588659286, "f_ImportsList_close_x": 0.1037035807967186, "f_FileAlignment_0": 0.10351917892694473, "f_fileName_x": 0.09937930852174759, "f_ResourcesNb_0": 0.09824448078870773, "f_URLs_x": 0.09692692011594772, "f_DIRs_x": 0.09678367525339127, "f_ExportsList_other_x": 0.09491849690675735, "f_SectionsMeanEntropy_0": 0.09219948202371597, "f_ExportsList_close_x": 0.09181723743677139, "f_ExportsList_open_x": 0.09005870670080185, "f_ImportsList_other_x": 0.08685574680566788, "f_ExportsList_kill_x": 0.0834411010146141, "f_SectionAlignment_0": 0.07801442593336105, "f_ImportsList_resume_x": 0.07372542470693588, "f_SizeOfUninitializedData_0": 0.07313130050897598, "f_AddressOfEntryPoint_0": 0.0712343379855156, "f_SizeOfStackReserve_0": 0.06994343549013138, "f_ImportsList_open_x": 0.06994239240884781, "f_Characteristics_0": 0.06851776689291, "f_ExportsList_delete_x": 0.0680098608136177, "f_NumberOfRvaAndSizes_0": 0.06338696926832199, "f_SectionsMinVirtualsize_0": 0.06081578880548477, "f_DllCharacteristics_0": 0.059600748121738434, "f_BaseOfData_0": 0.05384112149477005, "f_ImportsNbOrdinal_0": 0.04646392911672592, "f_SizeOfImage_0": 0.03484325855970383, "f_ResourcesMinEntropy_0": 0.029168792068958282, "f_ImportsNbDLL_0": 0.024232976138591766, "f_MinorImageVersion_0": 0.01975453644990921, "f_SectionsMinEntropy_0": 0.016177602112293243, "f_SectionsMeanRawsize_0": 0.01513092964887619, "f_SectionMaxVirtualsize_0": 0.01341450959444046, "f_MajorSubsystemVersion_0": 0.012917004525661469, "f_Subsystem_0": 0.005755476653575897, "f_SizeOfHeaders_0": 0.00017464160919189453, "f_SectionsMaxRawsize_0": -0.001971900463104248, "f_ResourcesMeanEntropy_0": -0.003011442720890045, "f_LoadConfigurationSize_0": -0.01320464164018631, "f_ImageBase_0": -0.014559537172317505, "f_MajorImageVersion_0": -0.019205108284950256, "f_SizeOfOptionalHeader_0": -0.021541766822338104, "f_MinorOperatingSystemVersion_0": -0.04082094877958298, "f_CheckSum_0": -0.042075417935848236, "f_SizeOfHeapReserve_0": -0.04367077350616455, "f_SectionsMaxEntropy_0": -0.04547884315252304, "f_MajorOperatingSystemVersion_0": -0.047415733337402344, "f_SectionsMeanVirtualsize_0": -0.05188809335231781, "f_ResourcesMaxEntropy_0": -0.055202264338731766, "f_Machine_0": -0.05565251410007477, "f_SizeOfInitializedData_0": -0.05701510235667229, "f_MajorLinkerVersion_0": -0.057362716645002365, "f_SectionsNb_0": -0.059953104704618454, "f_BaseOfCode_0": -0.060149919241666794, "f_ImportsNb_0": -0.06112226843833923, "f_MinorSubsystemVersion_0": -0.06126335263252258, "f_ResourcesMaxSize_0": -0.06295948475599289, "f_VersionInformationSize_0": -0.07546235620975494, "f_SizeOfHeapCommit_0": -0.08065588772296906, "f_MinorLinkerVersion_0": -0.08493456989526749, "f_SizeOfCode_0": -0.08541670441627502, "f_ResourcesMeanSize_0": -0.08597354590892792, "f_SizeOfStackCommit_0": -0.09611795842647552, "f_ExportNb_0": -0.09756647050380707, "f_ResourcesMinSize_0": -0.1052466556429863, "f_SectionsMinRawsize_0": -0.10675915330648422, "f_LoaderFlags_0": -0.10963115096092224}