{"f_Machine_0": [0.0009526930486597117, -0.0006717323439127201], "f_SizeOfOptionalHeader_0": [0.00013916833970191106, -0.0002217036467800033], "f_Characteristics_0": [0.007575503013574663, -0.020982527909082064], "f_MajorLinkerVersion_0": [0.012806058436162858, -0.007308992921839916], "f_MinorLinkerVersion_0": [0.0015485930446029078, -0.028895907048331327], "f_SizeOfCode_0": [-0.0036576879804078376, -0.010174862242933024], "f_SizeOfInitializedData_0": [7.35911845994711e-05, 0.0005271623529826616], "f_SizeOfUninitializedData_0": [0.0016571550698491891, 0.0005804155033096647], "f_AddressOfEntryPoint_0": [-0.0015681852492894065, 0.00737265783662035], "f_BaseOfCode_0": [-0.0023756171313412955, 0.0004503057105654823], "f_BaseOfData_0": [-0.0030203468972170733, -0.0006289973344345128], "f_ImageBase_0": [0.0008339878972351817, -0.0007878559805088394], "f_SectionAlignment_0": [-0.0015004336196161895, 0.0014758177973866057], "f_FileAlignment_0": [-0.0011687114968182326, 0.0123137087494549], "f_MajorOperatingSystemVersion_0": [0.0006140078383975972, 0.0003691458508393368], "f_MinorOperatingSystemVersion_0": [-0.0006091123782262595, -0.0011141958010549263], "f_MajorImageVersion_0": [-0.00011847779599970662, -0.0005312410921747712], "f_MinorImageVersion_0": [0.00014808937943311742, -1.9585253014164365e-05], "f_MajorSubsystemVersion_0": [-0.0007830889030735823, -0.0009856114914414407], "f_MinorSubsystemVersion_0": [0.003707533993889685, 0.0033289645419078587], "f_SizeOfImage_0": [-0.0003848774078211564, 0.00038505379734000175], "f_SizeOfHeaders_0": [-9.901180899873918e-06, 4.933553717734194e-06], "f_CheckSum_0": [0.0031089354767080027, 0.0022579936947474282], "f_Subsystem_0": [-7.471915747292267e-05, 0.0002923879042923535], "f_DllCharacteristics_0": [0.00589435109944085, 0.001011952397131194], "f_SizeOfStackReserve_0": [0.00013425418418603816, -0.0001692780795124707], "f_SizeOfStackCommit_0": [0.019032307064452365, -0.009832113161567985], "f_SizeOfHeapReserve_0": [-6.656446983865082e-06, 7.299539455369588e-06], "f_SizeOfHeapCommit_0": [0.0002623182212502138, 0.0026963111923528275], "f_LoaderFlags_0": [0.0003180674883350828, 0.00011503946092118136], "f_NumberOfRvaAndSizes_0": [0.00022423152997715404, 1.9149139362601394e-05], "f_SectionsNb_0": [-0.0030043887144722827, -0.0098938901766746], "f_SectionsMeanEntropy_0": [-0.0018079488813270315, -0.004543361318741923], "f_SectionsMinEntropy_0": [-0.00117257233832284, -2.598521968357651e-05], "f_SectionsMaxEntropy_0": [-0.00012363463585458647, -0.0007550298486804627], "f_SectionsMeanRawsize_0": [-0.00011337427061089094, 0.0001940397290593645], "f_SectionsMinRawsize_0": [-0.006131636370908818, -0.004939065315336426], "f_SectionsMaxRawsize_0": [-4.06023160563802e-05, -1.9366375309913702e-05], "f_SectionsMeanVirtualsize_0": [-9.14031458589084e-05, -0.0011669406141493136], "f_SectionsMinVirtualsize_0": [0.0007519350314558114, 0.003101050986773688], "f_SectionMaxVirtualsize_0": [-0.0005042202769628765, -0.0005682604308066499], "f_ImportsNbDLL_0": [0.0030450998325144917, -0.0008968077268611351], "f_ImportsNb_0": [-0.0035595451806397344, 0.0018147423794935863], "f_ImportsNbOrdinal_0": [4.1747910029914454e-05, -0.0007552858923022212], "f_ExportNb_0": [-0.0004667026098435221, -0.0041126942297677535], "f_ResourcesNb_0": [-0.018187251928990185, 0.013540398428549824], "f_ResourcesMeanEntropy_0": [0.00024290798936296262, -0.0004727338922305947], "f_ResourcesMinEntropy_0": [-0.0010649534070410365, 0.0007464084754751513], "f_ResourcesMaxEntropy_0": [-0.0001764478560078462, 0.0020824560525785287], "f_ResourcesMeanSize_0": [-0.005041132907053768, 0.0013735018446765894], "f_ResourcesMinSize_0": [0.013127822436152889, -0.005972452201017517], "f_ResourcesMaxSize_0": [-4.037662637677582e-05, -0.00040906041015731614], "f_LoadConfigurationSize_0": [0.0005786530764893584, -0.000389544001724703], "f_VersionInformationSize_0": [-0.0, -0.0], "f_longWord_x": [-0.007956808625485458, 0.007908012095581295], "f_specialKeyword_x": [-0.0031887121657865436, 0.003578309887822572], "f_ipaddresses_x": [-0.0022900540801991257, -0.00041447184945153664], "f_sentences_x": [0.0006284441107001369, 0.0025498987838942296], "f_ImportsList_create_x": [-0.0035865376950498353, -0.0011293839372499396], "f_ImportsList_resume_x": [-6.52773217387529e-05, -4.129617197032763e-05], "f_ImportsList_kill_x": [0.002869645902163908, 0.004921241421670744], "f_ImportsList_call_x": [-0.00044365400529005526, 0.006008258883923671], "f_ImportsList_delete_x": [-0.0009740341837087339, -0.0010586896587316287], "f_ImportsList_other_x": [-0.0013013350075304947, 0.0002839510898119712], "f_ExportsList_open_x": [-0.00020259533973631858, 0.00035593205629540475], "f_ExportsList_close_x": [2.0958248984226318e-05, 0.00020109019719377453], "f_ExportsList_create_x": [-0.00020664516607593435, 0.00013521175085022476], "f_ExportsList_call_x": [-0.0001696319458907856, 9.803504053238632e-05], "f_ExportsList_delete_x": [-0.00024263067587669524, 0.0001242632371333007], "f_inValEmails_x": [-0.008652685296995413, 0.010501179766962446], "f_emails_x": [-0.0025051347404820576, 0.0051655230155251905], "f_DIRs_x": [-0.0011954284376012314, -0.001153573676615247], "f_fileName_x": [-0.002792205854195704, 0.005961634428969044], "f_garbage_x": [0.0, 0.0], "f_URLs_x": [-0.001619898880792382, 0.0005476479750122134], "f_ImportsList_open_x": [-0.0008380531513001634, 0.0020051565448205412], "f_ImportsList_close_x": [0.0003508371045449368, -0.00033134777107747423], "f_ExportsList_resume_x": [4.554804116206043e-05, -2.54322108926123e-06], "f_ExportsList_kill_x": [0.00017781824826333355, 8.489274303754481e-05], "f_ExportsList_other_x": [-0.0020909443209891896, 0.0023963710692129878]}