{"f_Machine_0": [-0.017118598576635224, 0.012070116773247763], "f_SizeOfOptionalHeader_0": [-0.00646039579063673, 0.010291804224252576], "f_Characteristics_0": [0.11056260816869312, -0.3062348476983605], "f_MajorLinkerVersion_0": [-0.22324707031250002, 0.12741713345050754], "f_MinorLinkerVersion_0": [-0.018232776671648215, 0.34021373257041], "f_SizeOfCode_0": [0.042821694016456496, 0.11912028580904063], "f_SizeOfInitializedData_0": [-0.001290731430053444, -0.009246012568474668], "f_SizeOfUninitializedData_0": [0.022659997269511067, 0.007936622202396437], "f_AddressOfEntryPoint_0": [-0.0220144567021634, 0.10349865030148053], "f_BaseOfCode_0": [0.03949493467807798, -0.007486389279364958], "f_BaseOfData_0": [-0.056097399410791615, -0.011682470887899532], "f_ImageBase_0": [-0.057281209379434705, 0.054112707786262204], "f_SectionAlignment_0": [-0.019232771396636837, 0.01891724228858943], "f_FileAlignment_0": [-0.011289806477725373, 0.11895098934415715], "f_MajorOperatingSystemVersion_0": [-0.012949453592300708, -0.007785302996635258], "f_MinorOperatingSystemVersion_0": [0.014921563472598987, 0.02729470613412599], "f_MajorImageVersion_0": [0.006169077218510122, 0.027661447376012394], "f_MinorImageVersion_0": [0.0074964745342732675, -0.000991430655121972], "f_MajorSubsystemVersion_0": [-0.060624651908874436, -0.07630340993404339], "f_MinorSubsystemVersion_0": [-0.060517974197864643, -0.05433859556913356], "f_SizeOfImage_0": [-0.011045964807271685, 0.011051027178764383], "f_SizeOfHeaders_0": [-0.056694283485412666, 0.02824958920478826], "f_CheckSum_0": [-0.07388959228992449, -0.053665389567613034], "f_Subsystem_0": [-0.01298227096907767, 0.05080168366432203], "f_DllCharacteristics_0": [0.0988972669839857, 0.01697885394096421], "f_SizeOfStackReserve_0": [0.0019194679707287277, -0.0024202139675617573], "f_SizeOfStackCommit_0": [-0.19800989717245127, 0.10229215562343598], "f_SizeOfHeapReserve_0": [0.00015242338180534998, -0.00016714930534351968], "f_SizeOfHeapCommit_0": [-0.003252313360572079, -0.033429812360554756], "f_LoaderFlags_0": [-0.0029012510180473905, -0.0010493318724911216], "f_NumberOfRvaAndSizes_0": [0.0035375019907950556, 0.00030209898948696523], "f_SectionsNb_0": [0.05011231243610377, 0.16502715289592715], "f_SectionsMeanEntropy_0": [-0.01960910019930462, -0.0492775145696942], "f_SectionsMinEntropy_0": [-0.07248122003395119, -0.001606246680021295], "f_SectionsMaxEntropy_0": [0.002718508811667686, 0.01660178219899544], "f_SectionsMeanRawsize_0": [-0.007492882013321073, 0.012824045419692787], "f_SectionsMinRawsize_0": [0.05743429187103155, 0.04626362388953531], "f_SectionsMaxRawsize_0": [0.020590449069859407, 0.009821172859519667], "f_SectionsMeanVirtualsize_0": [0.0017615437367930475, 0.02248956434428684], "f_SectionsMinVirtualsize_0": [0.0123641417175534, 0.05099088653922079], "f_SectionMaxVirtualsize_0": [-0.03758767873048797, -0.04236162543296857], "f_ImportsNbDLL_0": [0.12565934184473015, -0.03700774191878731], "f_ImportsNb_0": [0.058236470464616996, -0.029690363690024313], "f_ImportsNbOrdinal_0": [0.0008985015004873143, -0.016255316901952144], "f_ExportNb_0": [0.004783432335243809, 0.042152741700411056], "f_ResourcesNb_0": [-0.1851223782036684, 0.13782350234687346], "f_ResourcesMeanEntropy_0": [-0.08066166680771869, 0.15697920765727735], "f_ResourcesMinEntropy_0": [-0.03651002772152401, 0.025589283015579056], "f_ResourcesMaxEntropy_0": [0.0031963880127294786, -0.0377241056598725], "f_ResourcesMeanSize_0": [0.058635861226357444, -0.015975865949876544], "f_ResourcesMinSize_0": [-0.124733867845498, 0.056747192245965916], "f_ResourcesMaxSize_0": [0.0006413112580774816, 0.0064972007274627375], "f_LoadConfigurationSize_0": [-0.043821944756782805, 0.029500535670667904], "f_VersionInformationSize_0": [0.0, 0.0], "f_longWord_x": [-0.07095669762169561, 0.07052154317971146], "f_specialKeyword_x": [-0.03073962205296083, 0.034495397458649706], "f_ipaddresses_x": [-0.021345303191592353, -0.0038632394612068723], "f_sentences_x": [0.005752851722063447, 0.023342075071195685], "f_ImportsList_create_x": [-0.032980377572566694, -0.010385366568516553], "f_ImportsList_resume_x": [-0.0008854112675272495, -0.0005601347450283675], "f_ImportsList_kill_x": [0.026496417266607758, 0.04543949693583279], "f_ImportsList_call_x": [-0.004272088839825361, 0.05785548066451154], "f_ImportsList_delete_x": [-0.009281505850376537, -0.010088182145555066], "f_ImportsList_other_x": [-0.014982716232261726, 0.0032692262775344833], "f_ExportsList_open_x": [-0.0022495919290668066, 0.0039522226038388765], "f_ExportsList_close_x": [0.00022826050499133031, 0.00219011378263534], "f_ExportsList_create_x": [-0.0018771903802553861, 0.0012282803552262204], "f_ExportsList_call_x": [-0.001506513483363932, 0.0008706562294537243], "f_ExportsList_delete_x": [-0.00356758083275055, 0.0018271355895558504], "f_inValEmails_x": [-0.0833281800192344, 0.10112978433870025], "f_emails_x": [-0.023298877933411857, 0.048041683449646336], "f_DIRs_x": [-0.012351550346393195, -0.011919093520627864], "f_fileName_x": [-0.02809645081787497, 0.059988688970042836], "f_garbage_x": [0.0, 0.0], "f_URLs_x": [-0.01671257973383036, 0.005650112211933442], "f_ImportsList_open_x": [-0.011982048689460451, 0.028668686840155704], "f_ImportsList_close_x": [0.0033830760890759715, -0.0031951430079062305], "f_ExportsList_resume_x": [0.0004369255035999581, -2.4396178778311045e-05], "f_ExportsList_kill_x": [0.002131063062461148, 0.0010173972059965564], "f_ExportsList_other_x": [-0.02202883936355647, 0.025246618386372564]}