file_size,total_time_taken,average_time_taken
1,0.15803,0.15803
2,0.056757,0.0283785
3,0.045472,0.015157333333333333
4,0.040529,0.01013225
